name,mlb_id,season,level,h_avg,h_hr,h_rbi,h_r,h_sb,p_w,p_era,p_whip,p_k,p_ip
A.J. Gracia,,,,,,,,,,,,,
AJ Ewing,,,,,,,,,,,,,
AJ Russell,805706,2026,A+,,,,,,1,4.76,1.56,53,34.0
Aaron Judge,592450,2026,MLB,.241,18,41,45,5,,,,,
Aaron Nola,605400,2026,MLB,,,,,,7,4.49,1.35,169,168.1
Aaron Watson,826209,2026,A,,,,,,1,10.45,2.71,12,10.1
Abner Uribe,682842,2026,MLB,.000,0,0,0,0,5,2.04,1.03,60,57.1
Ace Reese,814505,2026,A,.440,3,19,21,2,,,,,
Addison Barger,680718,2026,MLB,.045,0,2,2,0,,,,,
Adley Rutschman,668939,2026,MLB,.192,4,10,12,0,,,,,
Adolfo Sanchez,807645,2026,A,.175,4,12,11,0,,,,,
Adrian Ardines,821593,2026,A,,,,,,0,5.03,1.42,28,19.2
Agustin Ramirez,682663,2026,MLB,.235,5,23,29,4,,,,,
Aidan Cremarosa,809093,2026,A,,,,,,4,2.82,0.90,90,76.2
Aidan Miller,805795,2026,AA,.300,0,2,2,1,,,,,
Aidan Smith,806223,2026,A+,.215,10,37,41,14,,,,,
Aiden Ruiz,,,,,,,,,,,,,
Aiva Arquette,804109,2026,AA,.271,10,34,36,16,,,,,
Albert Fermin,837522,2026,ROK,.311,6,34,47,24,,,,,
Alec Burleson,676475,2026,MLB,.282,23,111,85,4,,,,,
Alejandro Kirk,672386,2026,MLB,.282,10,42,23,1,,,,,
Alejandro Rosario,691730,,,,,,,,,,,,
Alex Bregman,608324,2026,MLB,.262,26,89,89,3,,,,,
Alex Clemmey,806046,2026,AA,,,,,,5,4.64,1.47,138,128.0
Alex Lodise,822676,2026,AA,.283,3,12,15,2,,,,,
Alex Weingartner,,,,,,,,,,,,,
Alexander Frias,825484,2026,A,.247,2,11,15,6,,,,,
Alfredo Duno,806957,2026,AA,.322,3,14,20,3,,,,,
Alirio Ferrebus,808232,2026,A+,.105,0,0,1,1,,,,,
Anderson Brito,820901,2026,A+,,,,,,3,3.34,1.55,42,32.1
Andres Munoz,662253,2026,MLB,,,,,,5,4.24,1.22,89,57.1
Andrew Abbott,671096,2026,MLB,,,,,,6,4.70,1.47,125,159.0
Andrew Fischer,702652,2026,AA,.254,28,64,56,5,,,,,
Andrew Painter,691725,2026,MLB,,,,,,3,5.59,1.42,107,120.2
Andrew Pintar,801464,2026,AAA,.266,10,48,55,27,,,,,
Andrew Salas,829035,2026,A,.170,2,16,20,6,,,,,
Andrew Vaughn,683734,2026,MLB,.306,6,43,33,0,0,30.00,5.67,1,3.0
Andy Pages,681624,2026,MLB,.272,21,80,72,12,,,,,
Angeibel Gomez,825412,2026,ROK,.361,9,38,49,15,,,,,
Angel Feliz,815906,2026,A+,.232,8,53,67,36,,,,,
Angel Genao,694197,2026,MLB,.215,2,6,15,1,,,,,
Angel Martinez,682657,2026,MLB,.253,17,57,47,11,,,,,
Angel Nunez Jr.,836585,2026,ROK,.280,4,24,33,20,,,,,
Anthony Eyanson,809254,2026,AA,,,,,,4,1.69,1.06,60,48.0
Anthony Solometo,696143,2026,AA,,,,,,0,18.00,3.00,0,2.0
Argenis Cayama,821783,2026,A,,,,,,4,4.87,1.29,73,57.1
Arjun Nimmala,805796,2026,AA,.260,8,17,20,1,,,,,
Aron Estrada,800406,2026,AAA,.350,1,5,2,1,,,,,
Aroon Escobar,800169,2026,AA,.230,12,69,82,27,,,,,
Asbel Gonzalez,808706,2026,A+,.262,3,41,91,67,,,,,
Austin Charles,800051,2026,A+,.285,7,25,28,10,,,,,
Austin Overn,702556,2026,AA,.309,15,41,54,48,,,,,
Austin Riley,663586,2026,MLB,.220,17,69,62,9,,,,,
Beau Peterson,,,,,,,,,,,,,
Ben Blair,,,,,,,,,,,,,
Ben Hess,696292,2026,AA,,,,,,3,4.45,1.45,65,56.2
Ben Jacobs,800624,2026,A+,,,,,,5,4.04,1.22,108,75.2
Ben Rice,700250,2026,MLB,.261,39,95,100,3,,,,,
Billy Amick,701771,2026,AAA,.198,8,14,14,0,,,,,
Billy Carlson,815814,2026,A,.256,0,20,36,13,,,,,
Bishop Letson,811309,2026,AA,,,,,,7,4.85,1.44,99,94.2
Blake Bryant,,,,,,,,,,,,,
Blake Burke,695501,2026,AAA,.193,4,9,18,1,,,,,
Blake Mitchell,805810,2026,A+,.234,23,75,95,27,,,,,
Blake Snell,605483,2026,MLB,,,,,,4,1.86,1.09,52,38.2
Blaze Alexander,,,,,,,,,,,,,
Bo Bichette,666182,2026,MLB,.263,17,76,74,2,,,,,
Bo Davidson,815589,2026,AAA,.309,10,41,36,6,,,,,
Bo Lowrence,,,,,,,,,,,,,
Bobby Witt Jr.,677951,2026,MLB,.279,18,54,88,43,,,,,
Braden Montgomery,,,,,,,,,,,,,
Brady Ebel,815816,2026,A+,.152,0,3,5,1,,,,,
Brady House,691781,2026,MLB,.244,10,45,41,3,,,,,
Brailer Guerrero,806967,2026,A,.215,5,20,20,6,,,,,
Brandon Clarke,700251,2026,AA,,,,,,0,0.00,0.50,7,4.0
Brandon Compton,703680,2026,AAA,.246,3,9,10,5,,,,,
Brandon Lowe,664040,2026,MLB,.262,33,93,92,2,,,,,
Brandon Marsh,669016,2026,MLB,.260,17,58,70,11,,,,,
Brandon Nimmo,607043,2026,MLB,.260,14,61,61,7,,,,,
Brandon Sproat,687075,2026,MLB,,,,,,3,5.57,1.44,101,97.0
Brandon Winokur,806263,2026,AA,.251,11,38,32,11,,,,,
Braxton Ashcraft,677952,2026,MLB,,,,,,14,3.65,1.09,173,165.1
Braxton Bragg,688867,2025,AA,,,,,,2,2.32,1.13,59,42.2
Brayan Bello,678394,2026,MLB,,,,,,6,4.49,1.37,90,112.1
Brayan Rocchio,677587,2026,MLB,.250,13,70,62,20,,,,,
Braylon Doughty,815785,2026,AA,,,,,,2,5.40,1.38,49,50.0
Braylon Payne,815520,2026,AA,.277,5,12,18,3,,,,,
Brendan Donovan,680977,2026,MLB,.277,3,15,12,1,,,,,
Brendan Summerhill,804911,2026,A+,.283,1,9,12,7,,,,,
Brendan Tunink,815665,2026,A,.197,3,28,42,17,,,,,
Brent Rooker,667670,2026,MLB,.200,10,29,20,2,,,,,
Brenton Doyle,686668,2026,MLB,.250,2,7,9,5,,,,,
Breyson Guedez,829052,2026,A+,.268,2,21,20,0,,,,,
Brice Turang,668930,2026,MLB,.264,19,93,97,19,,,,,
Briggs McKenzie,828987,2026,A+,,,,,,0,4.66,2.07,14,9.2
Brody Brecht,701679,2026,A+,,,,,,0,5.23,1.40,31,20.2
Brody Bumila,,,,,,,,,,,,,
Brody Hopkins,811315,2026,MLB,,,,,,0,6.00,1.00,4,3.0
Brooks Lee,686797,2026,MLB,.253,23,81,71,8,,,,,
Bryan Reynolds,668804,2026,MLB,.262,17,71,101,9,,,,,
Bryan Woo,693433,2026,MLB,,,,,,12,3.92,1.08,167,167.2
Bryce Cunningham,701480,2026,AA,,,,,,2,4.32,0.92,27,25.0
Bryce Eldridge,805811,2026,MLB,.269,17,57,50,1,,,,,
Bryce Harper,547180,2026,MLB,.271,28,85,92,7,,,,,
Bryce Mayer,809343,2026,AAA,,,,,,2,5.45,1.39,40,33.0
Bryce Miller,682243,2026,MLB,,,,,,4,3.99,1.15,112,112.2
Bryce Rainer,800614,2026,A+,.271,18,67,64,13,,,,,
Bryson Stott,681082,2026,MLB,.248,10,65,67,25,,,,,
Bubba Chandler,696149,2026,MLB,,,,,,8,4.34,1.37,138,151.1
Byron Buxton,621439,2026,MLB,.254,25,46,65,7,,,,,
CJ Abrams,682928,2026,MLB,.261,31,99,90,33,,,,,
Cade Cavalli,676917,2026,MLB,,,,,,13,3.02,1.16,200,169.2
Cade Horton,690990,2026,MLB,,,,,,1,2.45,0.82,4,7.1
Cade Obermuller,,,,,,,,,,,,,
Cade Smith,671922,2026,MLB,.000,0,0,0,0,6,2.02,0.98,103,71.1
Cade Townsend,,,,,,,,,,,,,
Caden Bogenpohl,806470,2026,A,.264,2,11,7,0,,,,,
Caden Dana,702674,2026,AAA,,,,,,5,5.52,1.49,86,93.0
Caden Hunter,827267,2026,AA,,,,,,2,3.09,1.17,49,35.0
Caden Scarborough,807291,2026,A+,,,,,,1,5.03,1.08,48,48.1
Caden Sorrell,811294,2026,A,.295,5,18,16,8,,,,,
Cadine Bodine,,,,,,,,,,,,,
Cal Raleigh,663728,2026,MLB,.182,23,68,48,2,,,,,
Caleb Bonemer,815352,2026,AA,.261,19,49,48,7,,,,,
Caleb Durbin,702332,2026,MLB,.255,13,64,74,19,,,,,
Callan Moss,801978,2026,AA,.266,11,64,57,8,,,,,
Cam Caminiti,807284,2026,AA,,,,,,1,2.01,1.21,32,31.1
Cam Cannarella,703448,2026,AAA,.282,3,12,29,11,,,,,
Cam Collier,702253,2026,AA,.209,18,84,64,1,,,,,
Cam Leiter,804942,2026,A+,,,,,,1,0.00,0.88,14,11.1
Cam Schlittler,693645,2026,MLB,,,,,,14,1.94,0.91,234,190.2
Cam Smith,701358,2026,MLB,.209,20,54,62,11,,,,,
Cameron Flukey,805619,2026,A,,,,,,0,0.00,1.06,14,10.1
Carlos Lagrange,801739,2026,AAA,,,,,,1,4.48,1.35,85,64.1
Carlos Navarez,,,,,,,,,,,,,
Carlos Rodon,607074,2026,MLB,,,,,,6,2.95,1.13,83,76.1
Carlos Virahonda,808024,2026,AA,.267,1,3,3,0,,,,,
Carson Benge,701807,2026,MLB,.275,19,61,81,22,,,,,
Carson Bolemon,,,,,,,,,,,,,
Carson DeMartini,701831,2026,AA,.286,9,30,43,18,,,,,
Carson Kerce,812668,2026,A,.295,2,12,22,7,,,,,
Carson Roccaforte,811287,2026,AAA,.284,5,16,12,11,,,,,
Carson Tinney,806245,2026,A,.203,8,15,25,1,,,,,
Carson Wiggins,,,,,,,,,,,,,
Carter Beck,807061,2026,A+,.203,1,8,13,5,,,,,
Carter Jensen,695600,2026,MLB,.233,25,76,75,2,,,,,
Casey Schmitt,669477,2026,MLB,.271,21,55,47,9,,,,,
Ceddanne Rafaela,678882,2026,MLB,.282,16,70,67,17,,,,,
Chandler Simpson,802415,2026,MLB,.309,0,38,65,46,,,,,
Charlee Soto,805792,2026,A,,,,,,0,16.88,2.25,3,2.2
Charles Davalan,804560,2026,AA,.200,0,0,0,0,,,,,
Charlie Condon,809707,2026,AAA,.273,27,98,105,8,,,,,
Chase Brunson,815313,,,,,,,,,,,,
Chase Burns,695505,2026,MLB,,,,,,15,2.86,1.17,185,154.1
Chase DeLauter,800050,2026,MLB,.291,15,65,59,11,,,,,
Chase Hampton,694633,2026,AA,,,,,,0,9.59,2.13,37,35.2
Chase Harlan,815792,2026,A+,.239,4,20,19,1,,,,,
Chase Shores,702274,2026,A+,,,,,,3,4.83,1.47,67,63.1
Ching-Hsien Ko,828667,2026,A,.260,21,85,94,1,,,,,
Chris Hacopian,806680,2026,A+,.275,1,1,5,2,,,,,
Chris Rembert,807300,2026,A,.284,0,4,10,9,,,,,
Chris Sale,519242,2026,MLB,,,,,,14,2.18,0.99,190,157.0
Christian Oppor,803291,2026,AA,,,,,,0,9.49,2.19,18,24.2
Christian Walker,572233,2026,MLB,.221,25,80,66,0,,,,,
Christian Yelich,592885,2026,MLB,.237,11,57,66,11,,,,,
Christopher Suero,801523,2026,AA,.201,18,51,75,37,,,,,
Clay Holmes,605280,2026,MLB,,,,,,4,2.39,1.10,45,52.2
Coby Mayo,691723,2026,MLB,.229,24,63,62,4,,,,,
Cody Bellinger,641355,2026,MLB,.270,16,71,72,12,,,,,
Cole Carlon,,,,,,,,,,,,,
Cole Hertzler,826315,2026,AA,,,,,,1,4.20,1.20,39,40.2
Cole Mathis,695573,2026,A+,.260,3,22,22,4,,,,,
Cole Prosek,,,,,,,,,,,,,
Cole Ragans,666142,2026,MLB,,,,,,1,4.84,1.42,45,35.1
Coleman Borthwick,826852,,,,,,,,,,,,
Colson Montgomery,695657,2026,MLB,.205,31,87,71,1,,,,,
Colt Emerson,806068,2026,MLB,.190,8,23,24,3,,,,,
Colt Keith,690993,2026,MLB,.258,10,36,51,6,,,,,
Colton Cowser,681297,2026,MLB,.224,13,39,39,10,,,,,
Colton Ledbetter,807742,2026,AAA,.269,13,55,77,26,,,,,
Connelly Early,813349,2026,MLB,,,,,,7,3.44,1.25,93,91.2
Connor Comeau,,,,,,,,,,,,,
Cooper Flemming,828237,2026,A,.298,11,79,84,16,,,,,
Cooper Hjerpe,687309,2026,MLB,,,,,,1,6.00,1.11,12,9.0
Cooper Ingle,694876,2026,MLB,.095,0,2,1,0,,,,,
Cooper Pratt,806198,2026,MLB,.282,3,33,33,17,,,,,
Corbin Burnes,669203,2026,MLB,,,,,,0,7.84,1.55,8,10.1
Corbin Carroll,682998,2026,MLB,.240,22,72,90,21,,,,,
Corey Seager,608369,2026,MLB,.231,18,47,55,2,,,,,
Coy James,815983,2026,A,.220,19,76,81,35,,,,,
Cris Rodriguez,829038,2026,A,.344,3,9,7,0,,,,,
Cristian Arguelles,821692,2026,A,.246,2,22,19,5,,,,,
Cristopher Sanchez,650911,2026,MLB,,,,,,18,2.93,1.22,221,200.0
Dakota Jordan,702607,2026,AA,.253,1,8,12,6,,,,,
Dalton Pence,701717,2026,AAA,,,,,,4,2.09,1.27,31,38.2
Dalton Rushing,687221,2026,MLB,.249,12,36,37,0,,,,,
Daniel Cuvet,804562,,,,,,,,,,,,
Daniel Eagen,811666,2026,AA,,,,,,5,4.95,1.31,109,87.1
Daniel Espino,682982,2026,MLB,,,,,,0,4.73,1.43,22,13.1
Daniel Jackson,828714,2026,A,.309,6,19,20,3,,,,,
Daniel Pierce,828084,2026,A,.252,4,24,17,6,,,,,
Dansby Swanson,621020,2026,MLB,.220,19,67,81,17,,,,,
Dante Nori,807276,2026,AA,.244,3,26,34,17,,,,,
Dasan Hill,815598,2026,A+,,,,,,1,5.80,1.73,77,45.0
Dauri Fernandez,821171,2026,A+,.226,2,11,10,8,,,,,
David Bednar,670280,2026,MLB,.000,0,0,0,0,7,2.58,1.04,74,66.1
David Davalillo,699314,2026,AAA,,,,,,1,5.09,1.44,53,58.1
David Hagaman,701908,2026,AA,,,,,,2,2.55,1.16,46,35.1
David Shields,815789,2026,A+,,,,,,11,4.01,1.08,139,116.2
Davis Martin,663436,2026,MLB,,,,,,9,3.84,1.29,121,145.1
Dax Kilby,828076,2026,A,.261,4,26,26,12,,,,,
Daylen Lile,695734,2026,MLB,.251,22,88,81,15,,,,,
Dean Livingston,,,,,,,,,,,,,
Demetrio Crisantes,702679,2026,AAA,.278,3,23,24,0,,,,,
Deniel Ortiz,811765,2026,AA,.279,10,41,37,9,,,,,
Derek Curiel,,,,,,,,,,,,,
Devin Fitz-Gerald,803849,2026,AA,.237,8,30,36,4,,,,,
Devin Taylor,805127,2026,AAA,.295,3,9,11,0,,,,,
Devin Williams,642207,2026,MLB,.000,0,0,0,0,3,4.66,1.66,51,38.2
Deyvison De Los Santos,691277,2026,MLB,.200,0,0,0,0,,,,,
Diego Tornes,829053,2026,ROK,.196,0,15,11,8,,,,,
Dillon Dingler,693307,2026,MLB,.243,27,89,69,0,,,,,
Drake Baldwin,686948,2026,MLB,.282,24,77,83,3,,,,,
Drew Burress,806039,2026,A,.291,7,16,31,14,,,,,
Drew Rasmussen,656876,2026,MLB,,,,,,15,2.72,0.93,163,165.1
Drue Hackenberg,802357,2026,AAA,,,,,,2,6.79,1.79,59,57.0
Druw Jones,702258,2026,AA,.271,7,54,80,38,,,,,
Dustin May,669160,2026,MLB,,,,,,2,5.40,1.42,31,31.2
Dylan Beavers,687637,2026,MLB,.234,7,39,37,5,,,,,
Dylan Cease,656302,2026,MLB,,,,,,11,2.40,1.10,239,169.0
Dylan Crews,686611,2026,MLB,.222,12,43,50,9,,,,,
Dylan Dreiling,702662,2026,AA,.312,22,84,89,14,,,,,
Easton Shelton,806221,2026,A,.297,37,112,88,4,,,,,
Eduardo Quintero,808234,2026,AA,.200,1,2,1,0,,,,,
Eduardo Tait,806953,2026,A+,.221,22,73,69,2,,,,,
Edward Cabrera,665795,2026,MLB,,,,,,5,5.67,1.45,70,79.1
Edward Florentino,821273,2026,A+,.228,24,75,75,10,,,,,
Edwin Arroyo,695490,2026,MLB,.223,0,5,14,1,,,,,
Edwin Diaz,621242,2026,MLB,,,,,,2,10.34,2.36,23,15.2
Eli Willits,816113,2026,AA,.357,1,5,3,2,,,,,
Elian Pena,829033,2026,A+,.164,0,6,10,2,,,,,
Elian Rosario,836589,2026,ROK,.266,6,46,37,3,,,,,
Elliot Lascelles,828900,2026,A,.321,0,5,11,6,,,,,
Elly De La Cruz,682829,2026,MLB,.285,28,74,96,28,,,,,
Elmer Rodriguez,695684,2026,MLB,,,,,,0,5.40,1.58,21,26.2
Elmer Rodriguez-Cruz,,,,,,,,,,,,,
Elorky Rodriguez,829069,2026,ROK,.188,1,20,17,3,,,,,
Emanuel Luna,836587,2026,ROK,.417,3,9,9,0,,,,,
Emil Morales,815896,2026,A+,.281,20,84,51,7,,,,,
Emiliano Teodo,693713,2026,MLB,,,,,,0,10.80,3.00,1,1.2
Emmanuel Rodriguez,691181,2026,MLB,.182,1,4,2,0,,,,,
Emmet Sheehan,686218,2026,MLB,,,,,,5,4.57,1.18,132,112.1
Enddy Azocar,821150,2026,A+,.327,3,23,22,9,,,,,
Enrique Bradfield Jr.,690961,2026,AAA,.263,4,33,63,36,,,,,
Eric Becker,806027,2026,A+,.205,3,11,11,1,,,,,
Eric Bitonti,800724,2026,AA,.125,0,5,2,0,,,,,
Eric Booth Jr,835727,2026,A,.284,0,9,9,3,,,,,
Eric Hartman,807080,2026,AA,.182,2,10,21,18,,,,,
Esmerlyn Valdez,,,,,,,,,,,,,
Esteban Mejia,821757,2026,A,,,,,,0,9.80,2.33,59,52.1
Ethan Conrad,828255,2026,A+,.000,0,0,0,0,,,,,
Ethan Frey,703676,2026,A+,.276,9,48,41,19,,,,,
Ethan Holliday,815787,2026,A,.262,9,32,29,1,,,,,
Ethan Pecko,814490,2026,MLB,,,,,,1,3.77,1.12,19,28.2
Ethan Petry,701337,2026,AA,.228,15,41,25,2,,,,,
Ethan Salas,806956,2026,MLB,.143,2,4,3,0,,,,,
Eugenio Suarez,553993,2026,MLB,.209,24,69,47,1,,,,,
Eury Perez,691587,2026,MLB,,,,,,7,4.17,1.28,159,149.0
Felnin Celesten,806958,2026,AA,.171,3,12,11,7,,,,,
Fernando Cruz,815890,2026,A,.189,1,3,5,1,,,,,
Fernando Tatis Jr.,665487,2026,MLB,.285,25,81,94,36,,,,,
Foster Griffin,,,,,,,,,,,,,
Framber Valdez,664285,2026,MLB,,,,,,10,4.06,1.36,129,168.2
Francisco Alvarez,682626,2026,MLB,.232,16,40,35,0,,,,,
Francisco Lindor,596019,2026,MLB,.224,20,48,58,3,,,,,
Francisco Renteria,836353,2026,ROK,.379,11,55,65,24,,,,,
Franklin Arias,808265,2026,AAA,.331,6,39,28,4,,,,,
Franklin Gomez,800338,2026,AA,,,,,,1,3.78,1.26,14,16.2
Franklin Primera,829398,2026,A,.329,5,24,36,2,,,,,
Freddie Freeman,518692,2026,MLB,.292,16,67,74,7,,,,,
Freddy Peralta,642547,2026,MLB,,,,,,4,3.60,0.98,39,50.0
Freili Encarnacion,703175,2026,A+,.193,6,21,17,3,,,,,
Gabe Davis,805031,2026,AA,,,,,,1,2.53,1.31,24,21.1
Gabriel Gonzalez,694224,2026,MLB,.250,0,0,2,0,,,,,
Gabriel Moreno,672515,2026,MLB,.307,15,75,67,6,,,,,
Gage Jump,,,,,,,,,,,,,
Gage Stanifer,804948,2026,AAA,,,,,,0,4.91,1.36,7,3.2
Gage Wood,805906,2026,AA,,,,,,1,4.72,1.30,99,68.2
Garrett Crochet,676979,2026,MLB,,,,,,3,6.30,1.47,37,30.0
Gary Gill Hill,804541,2026,AAA,,,,,,0,1.80,1.40,4,5.0
Gavin Fien,815818,2026,A,.242,10,52,39,6,,,,,
Gavin Grahovac,800606,2026,A,.304,8,18,21,13,,,,,
Gavin Kilen,702264,2026,AA,.297,2,17,15,1,,,,,
Gavin Turley,702504,2026,A+,.111,0,1,2,1,,,,,
Gavin Williams,668909,2026,MLB,,,,,,14,3.63,1.08,244,181.0
George Kirby,669923,2026,MLB,,,,,,9,4.24,1.39,143,169.2
George Klassen,691946,2026,MLB,,,,,,2,3.67,1.63,24,27.0
George Lombard Jr.,806146,2026,MLB,.235,5,17,20,2,,,,,
George Springer,543807,2026,MLB,.248,15,53,57,12,,,,,
George Wolkow,805804,2026,A+,.239,22,100,86,15,,,,,
Geraldo Perdomo,672695,2026,MLB,.256,9,52,68,20,,,,,
Gerrit Cole,543037,2026,MLB,,,,,,9,3.63,1.10,123,121.1
Gino Groover,,,,,,,,,,,,,
Gio Rojas,,,,,,,,,,,,,
Gleyber Torres,650402,2026,MLB,.262,8,38,56,0,,,,,
Grady Emerson,815690,2026,A,.176,0,3,6,2,,,,,
Griffin Burkholder,816120,2026,A+,.165,0,4,14,12,,,,,
Gunnar Henderson,683002,2026,MLB,.223,23,58,87,10,,,,,
Hagen Smith,696146,2026,MLB,,,,,,3,1.07,0.95,38,25.1
Hayden Alvarez,820986,2026,A+,.258,1,8,15,7,,,,,
Hector Rodriguez,699302,2026,MLB,.218,5,12,14,0,,,,,
Heliot Ramos,671218,2026,MLB,.172,4,10,9,1,,,,,
Hendry Mendez,694230,2026,AAA,.281,8,42,41,4,,,,,
Henry Bolte,,,,,,,,,,,,,
Henry Godbout,804995,2026,AA,.311,8,20,16,5,,,,,
Henry LaLane,700649,2026,A+,,,,,,0,2.87,1.02,17,15.2
Hunter Brown,686613,2026,MLB,,,,,,6,3.26,1.27,120,102.0
Hunter Dietz,,,,,,,,,,,,,
Hunter Goodman,696100,2026,MLB,.245,39,82,81,5,,,,,
Hunter Greene,668881,2026,MLB,,,,,,2,6.83,1.37,33,27.2
Ian Happ,664023,2026,MLB,.221,24,67,87,4,,,,,
Ike Irish,702610,2026,A+,.286,16,59,62,20,,,,,
Iker Redona,827370,2026,A,,,,,,0,10.38,2.77,12,8.2
Isaac Paredes,670623,2026,MLB,.260,22,90,64,0,,,,,
Isaiah Drake,806061,2026,A+,.264,12,36,52,19,,,,,
Ivan Herrera,671056,2026,MLB,.247,18,68,95,8,,,,,
J.D. Dix,807267,2026,A+,.251,3,24,31,17,,,,,
JJ Wetherholt,802139,2026,MLB,.242,17,50,88,14,,,,,
JR Ritchie,,,,,,,,,,,,,
Jac Caglianone,695506,2026,MLB,.282,23,71,68,7,,,,,
Jace LaViolette,702593,2026,AA,.185,8,20,22,5,,,,,
Jack Gurevitch,813668,2026,AA,.258,9,25,20,0,,,,,
Jack Leiter,683004,2026,MLB,,,,,,3,5.29,1.44,83,80.0
Jack Radel,,,,,,,,,,,,,
Jack Wenninger,811307,2026,AAA,,,,,,5,4.54,1.46,123,115.0
Jackson Baumeister,691765,2026,AA,,,,,,4,5.14,1.34,111,103.1
Jackson Chourio,694192,2026,MLB,.285,24,70,89,21,,,,,
Jackson Ferris,701328,2026,AAA,,,,,,4,5.12,1.48,119,109.0
Jackson Flora,814176,2026,A,,,,,,0,0.00,2.00,2,1.0
Jackson Holliday,702616,2026,MLB,.229,7,30,45,8,,,,,
Jackson Merrill,701538,2026,MLB,.255,26,86,82,26,,,,,
Jacob Gonzalez,694378,2026,MLB,.244,2,17,11,0,,,,,
Jacob Lombard,813075,2026,A,.220,4,17,15,11,,,,,
Jacob Melton,689200,2026,AAA,.253,7,26,26,26,,,,,
Jacob Misiorowski,694819,2026,MLB,,,,,,15,1.86,0.80,247,169.1
Jacob Reimer,702544,2026,AA,.232,8,40,46,14,,,,,
Jacob Wilson,805779,2026,MLB,.266,7,37,37,4,,,,,
Jacob deGrom,594798,2026,MLB,,,,,,11,3.86,1.10,196,158.2
Jaden Fauske,828262,2026,A,.250,4,48,83,46,,,,,
Jaden Hamm,811290,2025,AA,,,,,,2,4.88,1.34,76,83.0
Jadher Areinamo,699130,2026,AAA,.108,0,2,2,0,,,,,
Jaison Chourio,702693,2026,AA,.265,7,49,66,32,,,,,
Jake Bauers,641343,2026,MLB,.269,26,83,90,11,,,,,
Jake Bennett,,,,,,,,,,,,,
Jake Brown,806701,2026,A,.313,2,13,14,7,,,,,
Jake Burger,669394,2026,MLB,.233,27,88,69,4,,,,,
Jake Cook,834404,2026,A,.250,5,40,56,21,,,,,
Jake McCarthy,664983,2026,MLB,.297,15,83,78,31,,,,,
Jake Munroe,827719,2026,AA,.315,8,38,47,6,,,,,
Jake Schaffner,835279,2026,A+,.315,1,15,19,5,,,,,
Jakob Marsee,805300,2026,MLB,.230,11,39,81,23,,,,,
James Ellwanger,806067,2026,A,,,,,,0,0.00,0.69,15,11.2
James Hicks,801802,2026,AA,,,,,,5,5.14,1.38,104,119.0
James Tibbs,696486,2026,AAA,.287,30,107,109,10,,,,,
James Triantos,701649,2026,MLB,.125,0,0,2,0,,,,,
James Wood,695578,2026,MLB,.265,30,76,103,21,,,,,
Jamie Arnold,701364,2026,AAA,,,,,,1,1.80,1.80,5,5.0
Jansel Luis,800306,2026,AA,.270,16,71,75,26,,,,,
Jared Grindlinger,,,,,,,,,,,,,
Jared Jones,702262,2026,A+,.311,23,67,69,0,,,,,
Jared Serna,691858,2026,MLB,.214,0,2,3,0,,,,,
Jared Thomas,703606,2026,AA,.270,4,15,21,11,,,,,
Jarlin Susana,703186,2026,AAA,,,,,,0,13.50,3.00,3,2.2
Jarren Advincula,,,,,,,,,,,,,
Jarren Duran,680776,2026,MLB,.204,20,69,65,19,,,,,
Jason Schiavone,828395,2026,AAA,.269,1,4,4,3,,,,,
Jasson Dominguez,691176,2026,MLB,.225,6,14,22,8,,,,,
Javier Osorio,703157,2026,A,.251,9,36,36,29,0,0.00,0.00,0,0.1
Jaxon Wiggins,694393,2026,AAA,,,,,,0,7.83,1.95,41,33.1
Jaxon Willits,806261,2026,A,.305,3,13,21,11,,,,,
Jazz Chisholm,665862,2026,MLB,.232,19,55,68,40,,,,,
Jeancer Custodio,836586,2026,ROK,.333,0,1,1,0,,,,,
Jefferson Rojas,800473,2026,AAA,.308,3,7,8,1,,,,,
Jensen Hirschkorn,,,,,,,,,,,,,
Jeral Perez,800419,2026,AA,.180,4,25,25,4,,,,,
Jeremy Pena,665161,2026,MLB,.275,20,51,75,9,,,,,
Jeremy Rodriguez,807007,2026,A,.216,0,16,33,8,,,,,
Jesus Baez,800305,2026,AA,.316,25,68,48,3,,,,,
Jesus Luzardo,666200,2026,MLB,,,,,,14,2.87,1.08,221,178.2
Jesus Made,815908,2026,AA,.271,14,91,87,37,,,,,
Jett Williams,702518,2026,AAA,.233,9,41,60,21,,,,,
Jhoan Duran,661395,2026,MLB,.000,0,0,0,0,2,1.76,1.01,79,56.1
Jhomnardo Reyes,829076,2026,A,.217,0,6,16,7,,,,,
Jhonny Level,815929,2026,A+,.302,8,40,53,15,,,,,
Jhonny Severino,703177,2026,A+,.256,31,95,85,16,,,,,
Jhostynxon Garcia,691373,2026,MLB,.167,0,2,2,0,,,,,
Jo Adell,666176,2026,MLB,.247,6,31,20,1,,,,,
JoJo Parker,828098,2026,A+,.316,0,7,17,6,,,,,
Joe Ryan,657746,2026,MLB,,,,,,6,3.83,1.18,151,138.2
Joendry Vargas,806959,2026,A,.293,12,84,79,24,,,,,
Joey Volchko,,,,,,,,,,,,,
Johenssy Colome,836584,2026,ROK,.283,2,20,31,9,,,,,
John Gil,808535,2026,AA,.315,2,13,22,17,,,,,
John Peck,807726,2026,MLB,.196,0,7,3,4,,,,,
Johnny King,803516,2026,AA,,,,,,0,2.95,1.27,27,21.1
Johnny Slawinski,828989,2026,ROK,,,,,,5,3.33,1.20,82,54.0
Jonah Tong,804636,2026,MLB,,,,,,2,4.21,1.32,25,25.2
Jonathan Aranda,666018,2026,MLB,.277,22,92,73,0,,,,,
Jonathan Santucci,695558,2026,AAA,,,,,,1,5.24,1.60,43,34.1
Jonathon Long,675085,2026,AAA,.250,4,21,26,1,,,,,
Joniel Hernandez,836592,2026,ROK,.343,3,8,8,4,,,,,
Jonny Farmelo,806071,2026,AA,.222,4,29,26,15,,,,,
Jordan Lawlar,691783,2026,MLB,.259,5,15,15,5,,,,,
Jordan Sanchez,820847,2026,A+,.206,2,8,9,2,,,,,
Jordan Walker,691023,2026,MLB,.274,28,100,94,20,,,,,
Jordan Westburg,676059,2025,MLB,.265,17,41,59,1,,,,,
Jordan Yost,803723,2026,A,.252,4,31,61,18,,,,,
Jose Altuve,514888,2026,MLB,.249,16,45,67,5,,,,,
Jose Anderson,821262,2026,A,.173,23,70,50,12,,,,,
Jose Caballero,676609,2026,MLB,.236,14,51,49,32,,,,,
Jose Ramirez,608070,2026,MLB,.237,12,51,68,35,,,,,
Jose Soriano,667755,2026,MLB,,,,,,3,4.73,1.29,40,51.1
Jose Urbina,808250,2026,A+,,,,,,4,4.17,1.39,89,77.2
Joseph Dzierwa,804530,2026,AA,,,,,,4,2.29,0.94,99,90.1
Josh Adamczewski,815304,2026,AA,.278,9,34,42,8,,,,,
Josh Baez,695491,2026,MLB,.230,7,18,18,2,,,,,
Josh Hader,623352,2026,MLB,.000,0,0,0,0,4,0.83,0.65,55,43.1
Josh Hammond,815843,2026,A,.286,5,39,69,25,,,,,
Josh Jung,673962,2026,MLB,.295,11,39,52,1,,,,,
Josh Knoth,805807,2026,AA,,,,,,1,2.77,1.08,13,13.0
Josh Lowe,666139,2026,MLB,.209,12,29,29,10,,,,,
Josh Naylor,647304,2026,MLB,.268,10,54,57,29,,,,,
Josh Owens,831384,2026,A,.182,0,1,2,0,0,0.00,1.00,4,4.0
Joshua Kuroda-Grauer,811965,2026,MLB,.417,1,4,8,0,,,,,
Josiah Hartshorn,815824,2026,AA,.091,0,2,1,1,,,,,
Josuar Gonzalez,829034,2026,A,.357,3,35,32,13,,,,,
Josue Briceno,800522,2026,AAA,.196,0,7,6,0,,,,,
Josue De Paula,800543,2026,MLB,.286,1,7,6,1,,,,,
Joswa Lugo,815915,2026,A,.233,3,12,16,1,,,,,
Juan Rijo,836591,2026,ROK,.310,3,29,42,9,,,,,
Juan Sanchez,825646,2026,A,.213,7,43,58,12,,,,,
Juan Soto,665742,2026,MLB,.273,26,65,59,9,,,,,
Juan Valera,813536,2026,A+,,,,,,0,1.93,0.86,17,9.1
Juaron Watts-Brown,695033,2026,AAA,,,,,,1,10.22,2.35,41,37.0
Jud Fabian,682983,2026,AAA,.191,14,50,57,6,,,,,
Julio Rodriguez,677594,2026,MLB,.243,21,66,68,22,,,,,
Juneiker Caceres,821181,2026,A+,.256,1,9,12,0,,,,,
Jung Hoo Lee,808982,2026,MLB,.276,10,57,65,12,,,,,
Junior Caminero,691406,2026,MLB,.277,41,97,96,3,,,,,
Jurrangelo Cijntje,701388,2026,AAA,,,,,,2,4.61,1.44,62,52.2
Justin Crawford,702222,2026,MLB,.265,3,41,48,16,,,,,
Justin Gonzales,821100,2026,AA,.239,2,11,14,1,,,,,
Justin Lamkin,703610,2026,AA,.000,0,0,0,0,1,3.97,0.97,15,11.1
Justin Lebron,807311,2026,A+,.292,8,16,22,6,,,,,
Justin Steele,657006,2026,AAA,,,,,,0,4.70,1.43,11,7.2
Justin Wrobleski,680736,2026,MLB,,,,,,11,3.70,1.13,114,136.1
K.C. Hunt,687268,2026,AAA,,,,,,2,6.30,1.87,20,30.0
Kade Anderson,807739,2026,MLB,,,,,,2,4.18,1.21,28,32.1
Kaden Waechter,,,,,,,,,,,,,
Kaeden Kent,809763,2026,A+,.302,6,43,55,20,,,,,
Kaelen Culpepper,701785,2026,MLB,.275,3,11,15,1,,,,,
Kahlil Watson,696135,2026,MLB,.239,1,11,6,9,,,,,
Kaiden McCarthy,,,,,,,,,,,,,
Kale Fountain,806495,2026,A,.182,2,7,13,4,,,,,
Kaleb Wing,832453,2026,A,,,,,,0,2.76,1.41,24,16.1
Kane Kepley,823807,2026,AA,.212,3,16,22,20,,,,,
Karson Milbrandt,703596,2026,AAA,,,,,,0,8.39,1.93,62,64.1
Kash Mayfield,824026,2026,A+,,,,,,3,3.54,1.16,62,53.1
Kayson Cunningham,815617,2026,A+,.252,5,36,50,20,,,,,
Kazuma Okamoto,672960,2026,MLB,.235,33,89,79,1,,,,,
Kellon Lindsey,813916,2026,A,.288,11,26,55,18,,,,,
Kendall George,806077,2026,AA,.332,0,20,63,33,,,,,
Kendry Chourio,830402,2026,A+,,,,,,2,3.16,0.87,47,42.2
Keon Johnson,,,,,,,,,,,,,
Kerry Carpenter,681481,2026,MLB,.208,13,36,27,0,,,,,
Ketel Marte,606466,2026,MLB,.249,22,74,73,4,,,,,
Kevin Alvarez,829037,2026,A,.261,11,57,69,17,,,,,
Kevin DeFrank,,,,,,,,,,,,,
Kevin Gausman,592332,2026,MLB,,,,,,5,4.38,1.29,127,127.1
Kevin McGonigle,805808,2026,MLB,.274,17,70,95,12,,,,,
Kevin Roberts Jr,,,,,,,,,,,,,
Khal Stephen,701590,2026,AA,,,,,,3,3.44,1.36,49,55.0
Khristian Curtis,694753,2026,MLB,,,,,,2,4.67,1.21,10,17.1
Kohl Drake,684442,2026,MLB,,,,,,0,6.53,1.50,17,20.2
Konnor Griffin,804606,2026,MLB,.267,5,31,42,22,,,,,
Kristian Campbell,692225,2026,AAA,.256,8,51,46,8,,,,,
Kruz Schoolcraft,828244,2026,A,,,,,,3,5.90,1.83,82,79.1
Kyle Bradish,680694,2026,MLB,.000,0,0,0,0,7,4.12,1.46,142,155.0
Kyle Harrison,690986,2026,MLB,,,,,,10,4.23,1.36,136,112.2
Kyle Lodise,827517,2026,A+,.230,20,77,90,42,,,,,
Kyle Schwarber,656941,2026,MLB,.234,45,95,93,3,,,,,
Kyle Stowers,669065,2026,MLB,.237,19,61,53,1,,,,,
Kyle Teel,691019,2026,MLB,.184,4,21,16,0,,,,,
Kyle Tucker,663656,2026,MLB,.234,17,70,88,11,,,,,
Kyson Witherspoon,804817,2026,A+,,,,,,1,1.26,1.33,20,14.1
Landen Roupp,694738,2026,MLB,,,,,,9,4.01,1.30,143,155.0
Landon Harman,,,,,,,,,,,,,
Landon Thome,,,,,,,,,,,,,
Landyn Vidourek,811716,2026,A,.170,6,24,39,9,,,,,
Lawrence Butler,671732,2026,MLB,.228,17,59,61,10,,,,,
Lazaro Montes,703155,2026,MLB,.211,4,10,5,0,,,,,
Leo De Vries,815888,2026,AA,.290,13,55,63,34,,,,,
Leonardo Bernal,699024,2026,MLB,.311,4,17,10,0,,,,,
Liam Doyle,824604,2026,AA,,,,,,7,3.76,1.31,130,103.0
Liam Hicks,689414,2026,MLB,.282,14,62,54,3,,,,,
Liam Peterson,,,,,,,,,,,,,
Logan Gilbert,669302,2026,MLB,,,,,,12,3.69,1.06,194,178.0
Logan Henderson,,,,,,,,,,,,,
Logan Hughes,813314,2026,A,.333,4,27,18,8,,,,,
Logan O'Hoppe,681351,2026,MLB,.353,0,1,5,0,,,,,
Logan Reddemann,,,,,,,,,,,,,
Logan Webb,657277,2026,MLB,,,,,,8,4.31,1.17,134,160.2
Louie Varland,,,,,,,,,,,,,
Lucas Ramirez,813429,2026,A,.242,9,61,55,10,,,,,
Luis Arraez,650333,2026,MLB,.285,2,21,14,0,,,,,
Luis Castillo,622491,2026,MLB,,,,,,1,7.50,1.73,26,30.0
Luis De Leon,801725,2026,MLB,,,,,,0,2.08,0.69,5,8.2
Luis Garcia Jr,671277,2026,MLB,.276,7,15,19,1,,,,,
Luis Gil,661563,2026,MLB,,,,,,1,4.97,1.38,17,25.1
Luis Guanipa,806994,2026,A+,.217,3,19,16,5,,,,,
Luis Hernandez,836582,2026,A,.231,2,9,16,0,,,,,
Luis Lara,800325,2026,MLB,.251,1,24,25,3,,,,,
Luis Pena,821270,2026,AA,.268,1,3,5,6,,,,,
Luis Perales,691384,2026,MLB,,,,,,0,9.00,2.33,11,9.0
Luis Robert,673357,2026,MLB,.223,10,23,24,2,,,,,
Luke Adams,702726,2026,AAA,.259,13,38,48,7,,,,,
Luke Dickerson,815380,2026,A+,.136,0,2,12,7,,,,,
Luke Keaschall,807712,2026,MLB,.278,9,46,76,19,,,,,
Luke Stevenson,806233,2026,A+,.243,22,83,81,8,,,,,
Luke Williams,,,,,,,,,,,,,
Mac Horvath,690991,2026,AA,.267,12,56,80,50,,,,,
Mackenzie Gore,669022,2026,MLB,,,,,,8,4.67,1.35,172,165.2
Maikel Garcia,672580,2026,MLB,.258,3,34,34,5,,,,,
Malachi Witherspoon,802412,2026,A,,,,,,3,5.61,1.36,93,77.0
Malcolm Moore,702270,2026,AA,.218,8,24,23,0,,,,,
Manny Machado,592518,2026,MLB,.219,28,84,80,5,,,,,
Manuel Pena,694211,2026,AAA,.297,5,27,25,3,,,,,
Marcelo Mayer,691785,2026,MLB,.220,3,22,19,3,,,,,
Marco Dinges,701392,2026,AA,.135,1,4,3,2,,,,,
Marco Vargas,804614,2026,AA,.282,3,29,28,28,,,,,
Marconi German,829699,2026,ROK,.246,7,31,37,11,,,,,
Marcus Phillips,815071,2026,A+,,,,,,0,6.71,1.80,73,61.2
Marek Houston,701339,2026,AA,.301,7,37,46,26,,,,,
Mark Vientos,668901,2026,MLB,.218,13,39,28,0,,,,,
Mason Edwards,,,,,,,,,,,,,
Mason Miller,695243,2026,MLB,,,,,,5,1.21,0.84,123,67.0
Masyn Winn,691026,2026,MLB,.235,5,55,53,10,,,,,
Mathias LaCombe,807187,2026,AAA,,,,,,0,27.00,6.00,1,0.2
Matt Chapman,656305,2026,MLB,.235,7,42,35,0,,,,,
Matt McLain,680574,2026,MLB,.184,15,39,56,19,,,,,
Matt Olson,621566,2026,MLB,.253,40,89,98,4,,,,,
Matt Shaw,807713,2026,MLB,.238,5,24,25,4,,,,,
Matt Wilkinson,683363,2026,MLB,,,,,,1,3.65,1.01,18,24.2
Mavis Graves,703496,2026,AA,,,,,,2,0.96,1.29,31,18.2
Max Anderson,801194,2026,AAA,.302,15,57,66,5,,,,,
Max Belyeu,803284,2026,A+,.233,13,33,33,4,,,,,
Max Clark,703601,2026,MLB,.275,3,23,26,5,,,,,
Max Fried,608331,2026,MLB,,,,,,5,2.63,0.98,100,106.0
Max Meyer,676974,2026,MLB,,,,,,9,2.68,1.14,121,111.0
Max Muncy,571970,2026,MLB,.256,29,76,80,3,,,,,
Michael Arroyo,703197,2026,MLB,.350,1,3,4,1,,,,,
Michael Busch,683737,2026,MLB,.239,20,77,76,3,,,,,
Michael Forret,702650,2026,AAA,,,,,,0,6.35,1.76,23,22.2
Michael Harris,671739,2026,MLB,.289,26,85,75,11,,,,,
Michael King,650633,2026,MLB,,,,,,12,3.03,1.16,154,181.0
Michael Lombardi,813533,2026,A,,,,,,2,3.68,1.42,124,88.0
Michael Martinez,824765,2026,A,.246,7,21,22,1,,,,,
Michael McGreevy,700241,2026,MLB,,,,,,7,3.84,1.25,113,164.0
Miguel Bleis,694194,2026,AA,.235,13,38,58,14,,,,,
Miguel Sime Jr,828137,2026,A+,,,,,,2,2.15,1.35,76,46.0
Miguel Vargas,678246,2026,MLB,.251,33,88,101,20,,,,,
Mike Sirota,701527,2026,AAA,.333,0,0,1,0,,,,,
Mike Soroka,,,,,,,,,,,,,
Mike Trout,545361,2026,MLB,.241,21,53,82,11,,,,,
Mikey Romero,702540,2026,AAA,.239,12,61,53,2,,,,,
Mitch Bratt,683352,2026,MLB,,,,,,1,4.70,1.52,30,44.0
Mitch Voit,702491,2026,AA,.347,2,18,33,9,,,,,
Moises Ballesteros,694208,2026,MLB,.231,6,23,16,1,,,,,
Moises Chace,691330,2025,AA,,,,,,0,3.24,1.62,19,16.2
Mookie Betts,605141,2026,MLB,.259,22,67,68,2,,,,,
Mulivai Levu,823050,2026,A,.218,2,12,11,0,,,,,
Munetaka Murakami,808959,2026,MLB,.202,32,70,77,1,,,,,
Murf Gray,809092,2026,AA,.258,9,27,34,2,,,,,
Myles Bailey,815343,,,,,,,,,,,,
Nate George,825582,2026,A+,.293,1,8,18,15,,,,,
Nate Payne,827626,2026,A+,,,,,,6,3.68,1.33,115,93.0
Nate Snead,805422,2026,AA,,,,,,3,5.06,1.28,50,69.1
Nathan Eovaldi,543135,2026,MLB,,,,,,11,4.10,1.19,141,140.1
Nathan Flewelling,807083,2026,A+,.243,21,67,68,8,,,,,
Nelson Rada,703185,2026,AAA,.278,3,45,97,43,,,,,
Nestor German,815148,2026,AAA,,,,,,5,4.08,1.32,120,117.0
Nick Becker,829306,2026,A,.173,0,13,19,14,,,,,
Nick Gonzales,693304,2026,MLB,.302,6,60,70,7,,,,,
Nick Kurtz,701762,2026,MLB,.256,21,69,62,7,,,,,
Nick Lodolo,666157,2026,MLB,,,,,,3,5.04,1.47,80,103.2
Nick Morabito,703492,2026,MLB,.176,0,4,3,1,,,,,
Nick Pivetta,601713,2026,MLB,,,,,,3,3.30,1.00,35,30.0
Nico Hoerner,663538,2026,MLB,.265,8,71,62,22,,,,,
Noah Schultz,,,,,,,,,,,,,
Noble Meyer,800611,2026,A,,,,,,0,6.75,2.50,5,4.0
Noelvi Marte,682622,2026,MLB,.189,6,15,19,7,,,,,
Nolan McLean,690997,2026,MLB,,,,,,11,3.18,1.19,189,172.2
Nolan Perry,804526,2026,AA,,,,,,0,2.32,1.03,39,31.0
Nolan Schanuel,694384,2026,MLB,.276,7,49,43,1,,,,,
ONeil Cruz,665833,2026,MLB,.280,20,67,61,28,,,,,
Otto Lopez,672640,2026,MLB,.305,11,71,91,32,,,,,
Owen Ayers,689196,2026,AAA,.247,3,20,24,7,,,,,
Owen Carey,826928,2026,AA,.211,2,18,19,3,,,,,
Owen Murphy,702566,2026,MLB,.000,0,0,0,0,0,5.00,1.56,8,9.0
Ozzie Albies,645277,2026,MLB,.242,22,72,85,4,,,,,
Pablo Lopez,641154,2025,MLB,,,,,,5,2.74,1.11,73,75.2
Parker Messick,800048,2026,MLB,,,,,,12,2.57,1.04,186,178.1
Parks Harber,692238,2026,AAA,.256,6,34,28,3,,,,,
Patrick Forbes,804467,2026,A+,,,,,,0,2.93,0.98,38,27.2
Paul Skenes,694973,2026,MLB,,,,,,10,3.91,1.13,192,168.0
Paulino Santana,815889,2026,A,.264,15,64,89,29,,,,,
Payton Tolle,801139,2026,MLB,,,,,,9,3.02,1.07,166,143.0
Pedro Ramirez,,,,,,,,,,,,,
Pete Alonso,624413,2026,MLB,.264,38,105,92,5,,,,,
Pete Crow-Armstrong,691718,2026,MLB,.280,45,107,118,38,,,,,
Peter Fairbanks,664126,2026,MLB,.000,0,0,0,0,4,6.31,1.35,57,41.1
Peyton Bonds,835227,2026,A,.286,0,2,2,0,,,,,
Peyton Wilson,686523,2026,AAA,.276,7,34,47,17,,,,,
Quentin Young,815839,2026,A,.214,15,54,45,8,,,,,
Quinn Mathews,687273,2026,MLB,,,,,,2,3.65,1.38,39,44.1
Rafael Devers,646240,2026,MLB,.258,37,98,88,0,,,,,
Rainiel Rodriguez,823787,2026,AA,.328,23,66,74,7,,,,,
Ralphy Velazquez,806252,2026,AAA,.278,22,63,54,1,,,,,
Ramon Marquez,827408,2026,A+,,,,,,1,5.40,1.00,12,10.0
Randy Arozarena,668227,2026,MLB,.279,26,76,106,23,,,,,
Randy Vasquez,681190,2026,MLB,.000,0,0,0,0,10,4.01,1.30,85,134.2
Ranger Suarez,624133,2026,MLB,,,,,,8,3.27,1.20,135,143.1
Raudi Rodriguez,804558,2026,AAA,.268,4,22,28,9,,,,,
Raylin Heredia,699712,2026,AA,.278,23,74,84,25,,,,,
Reggie Crawford,686846,2026,ROK,.357,1,4,4,1,,,,,
Reid Detmers,672282,2026,MLB,,,,,,6,3.47,1.05,204,179.0
Reinold Navarro,821116,2026,A+,,,,,,1,5.59,1.55,18,9.2
Ricardo De La Paz,825750,2026,ROK,.375,0,17,16,1,,,,,
Ricky Tiedemann,694357,2026,MLB,,,,,,0,1.50,1.83,8,6.0
Riley Greene,682985,2026,MLB,.285,21,75,77,3,,,,,
Riley Quick,804981,2026,AA,,,,,,0,6.68,1.73,36,32.1
River Ryan,689981,2026,AAA,,,,,,0,3.86,1.71,4,4.2
Robbie Ray,592662,2026,MLB,,,,,,10,3.08,1.29,107,122.2
Robby Snelling,702281,2026,MLB,,,,,,0,5.40,1.80,2,5.0
Robert Arias,815897,2026,A,.291,5,26,35,21,,,,,
Robert Calaz,806978,2026,A+,.237,12,47,44,11,,,,,
Rocco Maniscalco,,,,,,,,,,,,,
Roch Cholowsky,800604,2026,A+,.167,1,10,4,3,,,,,
Roderick Arias,703149,2026,AA,.257,4,23,28,9,,,,,
Roki Sasaki,808963,2026,MLB,,,,,,5,4.60,1.33,117,119.1
Roldy Brito,821041,2026,A+,.261,2,9,22,23,,,,,
Roman Anthony,701350,2026,MLB,.241,5,15,21,2,,,,,
Romeo Sanabria,703804,2026,AAA,.200,2,12,8,0,,,,,
Ronald Acuna Jr.,660670,2026,MLB,.260,20,55,60,20,,,,,
Ronny Cruz,826723,2026,A+,.220,12,54,60,37,,,,,
Royce Lewis,668904,2026,MLB,.227,14,54,49,15,,,,,
Ryan Clifford,691775,2026,AAA,.180,18,56,59,8,,,,,
Ryan Helsley,664854,2026,MLB,,,,,,0,4.11,1.43,21,15.1
Ryan Jeffers,680777,2026,MLB,.255,14,55,48,1,,,,,
Ryan Mitchell,815829,2026,A,.231,13,51,81,41,,,,,
Ryan Pepiot,686752,2025,MLB,,,,,,11,3.86,1.16,167,167.2
Ryan Sloan,815549,2026,AA,,,,,,4,3.73,1.13,128,101.1
Ryan Waldschmidt,,,,,,,,,,,,,
Ryan Weathers,677960,2026,MLB,,,,,,5,3.60,1.22,143,137.1
Ryan Wideman,834240,2026,A+,.246,0,15,21,22,,,,,
Ryder Helfrick,805785,2026,A,.245,5,17,20,0,,,,,
Ryne Nelson,669194,2026,MLB,,,,,,3,4.81,1.23,64,86.0
Sadbiel Delzine,829094,2026,A,,,,,,0,2.52,1.08,36,25.0
Sal Frelick,686217,2026,MLB,.234,4,39,36,7,,,,,
Sal Stewart,701398,2026,MLB,.268,32,110,85,15,,,,,
Sam Antonacci,,,,,,,,,,,,,
Sammy Stafura,806230,2026,A+,.301,19,51,42,16,,,,,
Samuel Basallo,694212,2026,MLB,.223,18,54,40,0,,,,,
Sandy Alcantara,645261,2026,MLB,,,,,,13,3.91,1.24,152,212.0
Santiago Solarte,836594,2026,ROK,.339,10,47,51,42,,,,,
Santiago Suarez,800571,2026,AA,,,,,,9,4.50,1.19,99,126.0
Savion Sims,,,,,,,,,,,,,
Sawyer Strosnider,820831,2026,A+,.276,2,14,15,7,,,,,
Sean Burke,,,,,,,,,,,,,
Sean Duncan,,,,,,,,,,,,,
Sean Gamble,815819,2026,A,.203,7,46,62,38,,,,,
Sean Keys,815873,2026,MLB,.208,2,8,7,0,,,,,
Sean Linan,800344,2026,AA,,,,,,0,7.88,1.88,8,8.0
Seaver King,814409,2026,AAA,.289,16,47,55,10,,,,,
Sebastian Dos Santos,829741,2026,A,.246,10,36,47,18,,,,,
Sebastian Walcott,806964,2026,AAA,.250,0,0,0,1,,,,,
Seiya Suzuki,673548,2026,MLB,.267,25,85,93,3,,,,,
Seong-Jun Kim,834605,2026,A,.200,1,3,3,0,0,0.00,1.00,8,6.0
Seth Hernandez,815825,2026,A+,,,,,,3,3.33,1.26,68,46.0
Shane Baz,669358,2026,MLB,,,,,,6,4.11,1.35,152,173.0
Shane Bieber,669456,2026,MLB,,,,,,5,4.37,1.42,44,55.2
Shane McClanahan,663556,2026,MLB,,,,,,10,3.36,1.12,106,118.0
Shea Langeliers,669127,2026,MLB,.263,23,55,56,3,,,,,
Shohei Ohtani,660271,2026,MLB,.277,30,80,89,11,8,1.79,0.95,95,85.2
Shota Imanaga,684007,2026,MLB,,,,,,11,3.80,1.10,164,168.1
Slade Caldwell,815154,2026,A+,.216,6,36,64,26,,,,,
Slater De Brun,828173,2026,A,.260,0,4,23,21,,,,,
Sonny Gray,543243,2026,MLB,,,,,,17,2.82,1.16,146,163.0
Spencer Giesting,801517,2026,AAA,,,,,,3,4.61,1.52,68,52.2
Spencer Jones,682987,2026,MLB,.248,11,39,33,9,,,,,
Spencer Schwellenbach,680885,2025,MLB,,,,,,7,3.09,0.97,108,110.2
Spencer Steer,668715,2026,MLB,.238,16,40,54,3,,,,,
Spencer Strider,675911,2026,MLB,,,,,,4,5.31,1.36,46,39.0
Spencer Torkelson,679529,2026,MLB,.229,24,72,63,1,,,,,
Starlyn Caba,806965,2026,A+,.236,7,47,50,21,,,,,
Steele Hall,829162,2026,A,.189,1,12,18,7,,,,,
Steven Kwan,680757,2026,MLB,.280,3,31,78,10,,,,,
T.J. Nichols,694375,2026,AA,,,,,,2,5.92,1.48,84,89.2
Tai Peete,806191,2026,AA,.319,3,16,24,4,,,,,
Taitn Gray,828685,2026,A,.296,8,52,37,13,,,,,
Taj Bradley,671737,2026,MLB,,,,,,11,3.81,1.23,199,172.1
Taj Marchand,,,,,,,,,,,,,
Tanner Bibee,676440,2026,MLB,,,,,,6,4.35,1.22,142,182.0
Tanner Franklin,815119,2026,AA,,,,,,3,3.34,1.30,42,32.1
Tanner McDougal,701780,2026,MLB,,,,,,0,27.00,9.00,0,0.1
Tanner Thach,805880,2026,A+,.242,6,35,23,3,,,,,
Tarik Skubal,669373,2026,MLB,,,,,,4,2.95,1.13,60,55.0
Tate Southisene,816111,2026,AA,.000,0,0,0,0,,,,,
Tatsuya Imai,837227,2026,MLB,,,,,,6,5.00,1.44,96,75.2
Taylor Rabe,,,,,,,,,,,,,
Tegan Kuhns,,,,,,,,,,,,,
Teoscar Hernandez,606192,2026,MLB,.266,15,63,63,5,,,,,
Termarr Johnson,702261,2026,AAA,.199,8,37,57,24,,,,,
Thayron Liranzo,699073,2026,AA,.199,19,61,50,2,,,,,
Theo Gillen,815394,2026,AA,.288,10,47,43,16,,,,,
Thomas Harrington,802419,2026,AAA,,,,,,2,6.02,1.55,99,101.2
Thomas Sosa,800449,2026,AA,.236,14,53,49,3,,,,,
Thomas White,806258,2026,AAA,,,,,,0,4.34,1.45,25,18.2
Tink Hence,693311,2026,AAA,,,,,,1,6.64,1.82,20,20.1
Tommy Hawke,803142,2026,A+,.291,2,36,76,43,,,,,
Tommy Troy,694371,2026,MLB,.217,4,9,23,1,,,,,
Tommy White,695720,2026,MLB,.244,3,9,18,0,,,,,
Tony Blanco Jr,703156,2026,A+,.258,25,60,48,1,,,,,
Travis Bazzana,,,,,,,,,,,,,
Travis Sykora,805809,2025,AA,,,,,,0,7.71,2.14,9,4.2
Tre Morgan,691003,2026,AAA,.241,9,25,24,1,,,,,
Trea Turner,607208,2026,MLB,.241,19,58,99,21,,,,,
Trent Grisham,663757,2026,MLB,.211,18,59,67,9,,,,,
Trevor Cohen,701906,2026,AA,.300,3,25,34,20,,,,,
Trevor Condon,825891,2026,A,.321,1,5,3,2,,,,,
Trevor Harrison,807314,2026,A+,,,,,,3,4.98,1.39,122,97.2
Trevor Rogers,669432,2026,MLB,,,,,,10,4.07,1.18,153,165.2
Trey Ebel,821931,2026,A,.190,1,5,9,2,,,,,
Trey Gibson,694346,2026,MLB,,,,,,1,7.36,1.91,30,33.0
Trey Yesavage,702056,2026,MLB,,,,,,5,3.65,1.14,91,93.2
Ty Harvey,829210,2026,A,.218,3,28,19,9,,,,,
Ty Head,813935,2026,A+,.278,0,1,2,4,,,,,
Tyler Bell,815628,,,,,,,,,,,,
Tyler Bremner,803285,2026,AA,,,,,,2,4.44,1.11,36,24.1
Tyler Glasnow,607192,2026,MLB,,,,,,5,3.46,0.96,87,67.2
Tyler Soderstrom,691016,2026,MLB,.245,19,56,58,2,,,,,
Tyler Spangler,828811,2026,A,.176,1,6,9,0,,,,,
Tyson LeBlanc,840371,2026,A,.217,0,1,2,0,,,,,
Tyson Lewis,815653,2026,A+,.274,7,22,27,14,,,,,
Vahn Lackey,822518,2026,A+,.316,2,7,10,8,,,,,
Vance Honeycutt,701689,2026,AA,.288,5,13,15,10,,,,,
Victor Figueroa,809372,2026,AA,.270,5,19,20,3,,,,,
Victor Valdez,836590,2026,ROK,.285,1,18,33,12,,,,,
Vinnie Pasquantino,686469,2026,MLB,.244,14,54,48,5,,,,,
Vladimir Guerrero Jr.,665489,2026,MLB,.263,9,56,71,7,,,,,
Walker Janek,801075,2026,AA,.230,7,36,26,22,,,,,
Walker Jenkins,805805,2026,MLB,.210,3,8,10,1,,,,,
Wandy Asigen,836583,2026,ROK,.279,3,9,15,6,,,,,
Wehiwa Aloy,814450,2026,AA,.261,10,23,27,8,,,,,
Wei-En Lin,827734,2026,AAA,,,,,,0,43.20,6.00,1,1.2
Wilder Dalis,815195,2026,A+,.322,3,7,9,4,,,,,
Will Adams,,,,,,,,,,,,,
Will Gasparino,800605,2026,A,.250,2,8,15,5,,,,,
Will Smith,669257,2026,MLB,.248,9,33,33,0,,,,,
Will Warren,701542,2026,MLB,,,,,,10,4.02,1.38,151,152.1
William Bergolla Jr,703151,2026,AAA,.457,0,8,5,2,,,,,
William Contreras,661388,2026,MLB,.271,18,88,82,1,,,,,
Willson Contreras,575929,2026,MLB,.276,27,81,68,3,,,,,
Willy Adames,642715,2026,MLB,.230,21,51,62,5,,,,,
Wilyer Abreu,677800,2026,MLB,.251,24,74,81,8,,,,,
Wyatt Langford,694671,2026,MLB,.244,17,42,64,15,,,,,
Wyatt Sanford,815608,2026,A+,.292,17,42,73,33,,,,,
Xavier Edwards,669364,2026,MLB,.280,6,52,61,21,,,,,
Xavier Isaac,800060,2026,AAA,.271,3,8,11,2,,,,,
Xavier Neyens,815832,2026,A+,.216,6,17,27,3,,,,,
Yainer Diaz,673237,2026,MLB,.278,13,40,35,0,,,,,
Yairo Padilla,821107,2026,A+,.143,1,1,1,0,,,,,
Yandel Ricardo,815902,2026,A,.266,7,47,70,27,,,,,
Yandy Diaz,650490,2026,MLB,.292,22,81,88,3,,,,,
Yasser Mercedes,703160,2026,A+,.232,12,48,47,41,,,,,
Yeremy Cabrera,800393,2026,A+,.222,5,41,39,34,,,,,
Yhoiker Fajardo,823369,2026,AA,,,,,,3,3.24,1.32,24,25.0
Yoeilin Cespedes,806985,2026,AA,.190,2,10,9,2,,,,,
Yohandy Morales,691002,2026,MLB,.286,2,6,8,1,,,,,
Yolfran Castillo,815931,2026,A+,.400,0,0,0,0,,,,,
Yoniel Curet,692414,2026,AAA,,,,,,0,9.64,2.57,11,9.1
Yophery Rodriguez,806983,2026,A+,.246,16,50,61,2,,,,,
Yordan Alvarez,670541,2026,MLB,.313,40,99,98,1,,,,,
Yordanny Monegro,694057,2026,AA,,,,,,0,3.00,1.67,1,3.0
Yorger Bautista,829045,2026,A,.228,1,11,8,3,,,,,
Yoshinobu Yamamoto,808967,2026,MLB,,,,,,14,2.51,0.87,178,179.0
Zac Gallen,668678,2026,MLB,,,,,,3,6.12,1.56,64,104.1
Zac Veen,691728,2026,MLB,.237,2,12,8,2,,,,,
Zach Ehrhard,701394,2026,AAA,.291,20,93,120,28,,,,,
Zach Neto,687263,2026,MLB,.237,26,74,98,21,,,,,
Zach Root,702539,2026,AA,,,,,,1,7.71,1.71,24,16.1
Zack Gelof,680869,2026,MLB,.252,19,50,70,14,,,,,
Zack Wheeler,554430,2026,MLB,,,,,,13,2.99,1.06,177,150.1
Zebby Matthews,805673,2026,MLB,,,,,,9,4.74,1.24,107,125.1
Zion Rose,805799,2026,A+,.268,1,11,16,14,,,,,
Zyhir Hope,814307,2026,AA,.293,23,87,68,18,,,,,
